,ID,School
249383,116227,Duke
233027,116227,California
56647,148097,Duke
286497,148097,GW
246771,182847,Missouri
232009,182847,Boise St
339506,187922,Johns Hopkins
16,187922,Maine
331252,208252,Westfield State
304115,208252,Bloomsburg
308904,208252,SHIP
317364,208252,Whitman
235606,208252,St. Louis
12900,230397,Bloomsburg
215806,230397,Lynchburg
236738,235449,Providence
40256,235449,SMU
281640,235449,Boston College
157761,242080,California
206763,242080,Cal Lutheran
316475,243699,Bowdoin
332186,243699,Tufts
30625,265582,John Carroll
188926,265582,Widener
180601,265582,St. Cloud St.-M
30584,268568,Drew
311636,268568,Nova S'eastern
267850,268568,Gardner-Webb
69035,271494,Siena
348617,271494,Trinity U.
15066,272493,Buffalo
248789,272493,Florida St
91897,273148,Notre Dame
275150,273148,Arkansas
260697,275642,New Mexico
7331,275642,West Chester
324206,275642,Wash U. MO
188154,276938,Rensselaer
206773,276938,Pomona-Pitzer
137511,281351,Bellarmine
328112,281351,RIT
233664,282470,Alabama
238905,282470,Georgia Tech
200495,282550,Lebanon Valley
30613,282550,Biola University
161626,282550,Wisconsin
198473,283220,Sou. Virginia
190781,283220,Pacific Lutheran
94840,286313,CSU East Bay
269814,286313,Siena
352584,288526,Bridgewater St.
82737,288526,Dartmouth
110053,288560,Rhodes
350657,288560,Carthage
3842,289264,Texas A&M
263356,289264,Tennessee
15072,289954,Ohio
286588,289954,Duquesne
169368,289972,St. Cloud St.-M
8272,289972,St. Cloud St.-W
26181,289978,Missouri St. (M)
244286,289978,Missouri St (W)
300860,290062,Lindenwood
352751,290062,Calvin
114880,290062,Tennessee
257431,292840,Monmouth
118858,292840,St. Michael's
114237,299640,UMBC
356771,299640,Bridgewater
127310,301854,UN Omaha
186284,301854,Oklahoma Christi
191763,302279,USMMA
216473,302279,BSC
278836,302482,Texas
282425,302482,Miami (FL)
192933,304423,UWEC
190714,304423,DePauw
220586,304423,Piedmont
158660,309804,Texas A&M
318094,309804,Hollins
140888,310011,South Dakota
164496,310011,SIUC (M)
212840,310011,Williams
184045,310209,TAMPA
20160,310209,Louisville
40594,310301,South Carolina
179606,310301,TAMPA
295705,310506,Rollins
358141,310506,SUNY Geneseo
50917,318142,IU Indianapolis
163862,318142,Harvard
129846,319260,Evansville (M)
186402,319260,Colorado Mesa
40286,319260,Evansville (W)
220311,319811,Behrend
97792,319811,Evansville (W)
130050,319811,Evansville (M)
130046,321887,Evansville (M)
87765,321887,Evansville (W)
319138,321942,Pomona-Pitzer
278450,321942,Davidson
133572,321967,Northwestern
150375,321967,Georgia
128934,322110,Fla Atlantic (M)
19911,322110,Fla Atlantic (W)
179649,322110,Lynn
52382,323093,Miami (Ohio)
200283,323093,YCP
48042,324159,Duke
160805,324159,GW
3697,325060,Air Force (M)
231944,325060,Air Force (W)
252426,325060,Georgetown
356498,326782,Mount Union
22188,326782,BSC
157581,326922,Arizona
139798,326922,LSU
22190,329187,Chapman
234463,329187,Loyola (MD)
20117,329225,Michigan
161251,329225,Georgetown
56464,329550,Connecticut
303207,329550,Alaska Fairbanks
252892,329899,Villanova
359411,329899,Brooklyn
233224,329899,California
56802,331323,Georgetown
349721,331323,UWEC
74370,331395,Ball State
288456,331395,Texas A&M
128910,332297,Fla Atlantic (M)
104588,332297,Fla Atlantic (W)
226551,333854,CMU
122908,333854,Emory
84421,333947,Tennessee
304739,333947,Carson-Newman
280727,334062,UNC Wilmington
231781,334062,San Diego St
192566,334062,Wash U. MO
153206,335423,Virginia
139631,335423,Alabama
246879,335545,South Carolina
42217,335545,Incarnate Word
5406,335632,Oklahoma Baptist
304502,335632,Colorado Mesa
261424,336951,Bryant U (W)
36848,336951,Connecticut
103966,337682,South Dakota
267716,337682,James Madison
126757,337718,Illinois Wesleyan University
324528,337718,IWU
234023,337718,Missouri
266851,337852,New Mexico St
277272,337852,South Dakota
242843,338917,Oakland
32817,338917,Cleveland St
264199,339522,Georgia
279111,339522,Texas
300000,339768,NDC
315597,339768,Urbana
132155,342679,South Dakota
7315,342679,Boston U
176400,343273,St. Cloud St.-M
79142,343273,St. Cloud St.-W
172451,343300,St. Cloud St.-M
112380,343300,St. Cloud St.-W
233830,343740,Arkansas
252004,343740,TCU
55945,343807,Bryant U (M)
232419,343807,Bryant U (W)
275520,343928,Tennessee
15939,343928,Notre Dame
273829,343937,East Carolina
15402,343937,Alabama
150550,344263,South Carolina
62669,344263,Denver
123722,344407,Missouri St. (M)
259125,344407,Missouri St (W)
33091,344482,Arizona St
158266,344482,Tennessee
352544,344663,Bridgewater St.
236429,344663,Xavier
294893,344663,Colorado Mesa
46918,344973,Florida St
284798,344973,Colorado St.
279987,345859,Rutgers
237188,345859,Penn St
8258,346500,King
173138,346500,Lewis
234375,346579,Arkansas
264172,346579,Georgia
104779,346699,Tennessee
140186,346699,South Carolina
246038,347145,Arizona
237402,347145,Iowa
232811,347359,East Carolina
279033,347359,Kansas
44214,347434,Arizona St
246505,347434,Tennessee
289374,347669,Denver
44182,347669,Houston
261170,347791,Air Force (W)
26272,347791,Air Force (M)
36797,348055,St. Bonaventure
251655,348055,Rhode Island
125093,348276,Fairfield
319561,348276,Emory
247322,348393,Loyola (MD)
344068,348393,Bowdoin
237647,348492,Northeastern
194005,348492,Hope College
30616,348564,MIT
279906,348564,Penn St
51564,348894,Princeton
262439,348894,Southern Cali
284481,349069,San Diego St
52183,349069,Massachusetts
149755,349388,Southern Cali
137106,349388,Purdue
237889,349428,Duke
250853,349428,GW
196085,353464,Southwestern
227828,353464,IWU
46383,353963,Wyoming (W)
141100,353963,Wyoming (M)
120208,353989,Notre Dame
291423,353989,Arizona
103478,354305,Connecticut
177009,354305,Drury
137101,354305,Ohio St
46045,356104,Bowdoin
211412,356104,Albright
74490,356553,UNLV (M)
261115,356553,UNLV (W)
124329,356690,Duke
282350,356690,Miami (FL)
79573,356703,Duquesne
289007,356703,South Carolina
9572,356783,Marshall
342214,356783,Knox College
230161,356828,Saint Peter's
312324,356828,Jewell
236783,356855,Michigan
291272,356855,Southern Cali
26045,356862,Dartmouth
281306,356862,Duke
37102,356926,New Hampshire
253562,356926,Purdue
245490,356938,LIU
234369,356938,South Carolina
238447,356940,Virginia Tech
249769,356940,NC State
119941,356953,Connecticut
260433,356953,San Diego St
239015,356964,Florida St
237262,356964,Rutgers
65530,356965,Arizona
274417,356965,Southern Cali
245789,356971,UCLA
282811,356971,Villanova
179156,356989,Queens (NC)
134370,356989,Florida St
870,357053,SIUC (M)
171111,357053,Colorado Mesa
149350,357082,Arizona
98179,357082,Notre Dame
249028,357091,Florida St
275726,357091,LSU
126828,357093,Wash U. MO
155630,357093,Brown
74997,357119,Nebraska
291565,357119,Utah
22661,357141,South Dakota St
146457,357141,IU Indianapolis
244706,357272,Air Force (W)
115773,357272,Air Force (M)
132619,357396,Seattle U (M)
71230,357396,Seattle U (W)
232217,357475,UNLV (W)
9005,357475,UNLV (M)
30614,357516,TAMPA
153334,357516,Duke
132412,357568,Seattle U (M)
71217,357568,Seattle U (W)
204680,357568,Whitworth
20309,357576,TCU
240131,357576,Kansas
244370,357628,Pacific
294346,357628,Fresno Pacific
20772,357638,UC Davis
262472,357638,California
3840,357744,Florida
281989,357744,Miami (FL)
250486,357890,East Carolina
246535,357890,Alabama
263439,357894,Texas A&M
3898,357894,Missouri
156409,358816,Evansville (M)
111694,358816,Evansville (W)
48157,359211,Fla Atlantic (W)
167132,359211,Fla Atlantic (M)
254929,359222,Old Dominion (W)
108252,359222,Old Dominion (M)
268834,359233,IU Indianapolis
118741,359233,SMU
271604,359628,Hawaii
233619,359628,Pepperdine
11709,360002,Iowa
165290,360002,Arizona
240868,360077,Ohio St
291165,360077,UCLA
230911,361565,Akron
281334,361565,NC State
162126,361852,Delaware
195969,361852,Centenary (LA)
143707,362575,TCU
133517,362575,Michigan
33807,362602,Southern Cali
192811,362602,NYU
218266,362602,Emory
152660,363065,Wyoming (M)
11565,363065,Wyoming (W)
138507,363076,Ball State
152734,363076,Grand Canyon
170585,363795,Concordia Irvine
183197,363795,Colorado Mesa
141120,363812,Wyoming (M)
80479,363812,Wyoming (W)
246583,363881,Missouri
26274,363881,Boise St
272944,363917,UNLV (W)
65413,363917,UNLV (M)
75143,365095,Florida St
254790,365095,FGCU
242860,365639,Illinois-Chicago
65177,365639,Illinois Chicago (W)
30982,366948,Old Dominion (M)
156142,366948,Rider
348715,367117,SUNY Geneseo
38918,367117,Denison
125513,367225,Edinboro
308938,367225,PennWest
317207,367281,Allegheny
313886,367281,Gannon
348956,367281,Buffalo St.
344951,367386,WPUNJ
316237,367386,Trinity C.
123625,367459,Canisius
314860,367459,Bridgewater St.
260676,367461,Air Force (W)
107076,367461,Air Force (M)
247015,368018,Auburn
331854,368018,Bates
50869,368251,MIT
287425,368251,Columbia
230135,368903,Iona Coll
302551,368903,MSU Mankato
19455,369405,Niagara
281847,369405,Virginia
315240,369405,Hood
101477,371434,Fla Atlantic (W)
293449,371434,West Florida
251980,371829,Iowa State
46947,371829,Tulane
61500,371919,Western Ill
277049,371919,South Dakota
66429,371972,New Mexico
255311,371972,Liberty
342516,372149,Saint Benedict
294061,372149,Northern State
248052,372159,South Dakota St
265967,372159,Denver
252000,372280,Iowa State
317085,372280,Denison
242909,372281,Illinois-Chicago
27213,372281,Illinois Chicago (W)
309936,372388,Colorado Mesa
88885,372388,Evansville (W)
156470,372388,Evansville (M)
31656,372952,UNLV (M)
232073,372952,UNLV (W)
178640,375186,Concordia Irvine
141303,375186,Cal Baptist
286440,375373,Rhode Island
228572,375373,UMBC
53097,375807,Fla Atlantic (W)
145982,375807,Fla Atlantic (M)
310507,375978,Nova S'eastern
235959,375978,Duquesne
201377,376063,Macalester
134822,376063,Florida St
186619,376063,TAMPA
233417,376073,Arizona St
305143,376073,Nova S'eastern
256343,376094,Illinois-Chicago
114385,376094,Illinois Chicago (W)
291414,376161,Utah
36559,376161,LSU
185270,376235,Ouachita
170185,376235,McKendree
53098,376278,Fla Atlantic (W)
167227,376278,Fla Atlantic (M)
240304,376418,TCU
74665,376418,Arkansas
133408,376430,Indiana
136107,376430,Texas
238562,376472,Duke
249518,376472,Notre Dame
323168,376503,Lynchburg
355966,376503,Oberlin
124934,376637,Texas
291551,376637,California
260453,376645,UNLV (W)
61778,376645,UNLV (M)
260725,376646,Air Force (W)
76137,376646,Air Force (M)
233585,377196,Pepperdine
271808,377196,UC Davis
240154,377198,Texas
281342,377198,NC State
133721,377221,Northwestern
157982,377221,Southern Cali
230133,377247,Brown
140601,377247,American
211949,377488,St. Norbert
81367,377488,Milwaukee
107008,377636,Eastern Mich
244014,377636,SIUC (W)
33385,378191,Penn St
154474,378191,Fla Atlantic (M)
232161,379513,Air Force (W)
74469,379513,Air Force (M)
45578,379699,Dickinson
343075,379699,Marymount
144761,382292,Northwestern
121024,382292,Dartmouth
136979,382327,Michigan
153163,382327,NC State
60276,382476,Whitman
155430,382476,Columbia
114943,382759,Alabama
349450,382759,Emory
252285,382868,TCU
280506,382868,Iowa
347332,384509,Saint Vincent
82844,384509,Evansville (W)
232123,384717,Wyoming (W)
268073,384717,Incarnate Word
51643,385107,Davidson
277949,385107,GW
167748,385310,Brigham Young
111743,385310,Utah
129956,386022,Evansville (M)
97798,386022,Evansville (W)
154586,386029,Fla Atlantic (M)
127140,386029,Cincinnati
278300,388400,Fordham
240288,388400,TCU
157974,389040,California
42586,389040,Michigan
129843,391671,Evansville (M)
52378,391671,Evansville (W)
198179,392120,Franklin
62797,392120,Seton Hall
187757,392135,Hanover
224348,392135,Oberlin
80664,392757,Louisville
153125,392757,Notre Dame
25866,393533,Vermont
280854,393533,Northeastern
114326,394192,Old Dominion (M)
281419,394192,Pittsburgh
229180,394192,Old Dominion (W)
189736,394527,Tufts
135209,394527,Virginia Tech
128763,394527,Virginia MI
187520,394681,Hartwick
213102,394681,Trinity C.
207759,394762,SUNY Geneseo
72810,394762,Saint Rose
69424,395868,Marist
207908,395868,SUNY Cortland
40188,396208,Buffalo St.
142873,396208,SMU
192472,396785,SUNY Fredonia
217758,396785,SUNY Oneonta
160037,398074,South Dakota
143152,398074,St. Bonaventure
315004,398158,Calvin
260295,398158,Pacific
151449,398248,Army
19447,398248,Ball State
133824,398799,Iowa
165216,398799,Arizona
51123,398931,Arizona St
158280,398931,Missouri
101270,398938,Eastern Ill
350560,398938,Millikin
62708,398971,Wyoming (W)
160183,398971,Wyoming (M)
32977,398972,Missouri St. (M)
177175,398972,Jewell
135133,399036,Louisville
22502,399036,Utah
355223,399099,Mary Washington
290166,399099,Kansas
233641,399099,South Carolina
105899,399121,Drury
206427,399121,Millsaps
95332,399591,Wyoming (W)
132475,399591,Wyoming (M)
46888,399652,Iowa
342139,399652,Lake Forest
256210,399684,Illinois-Chicago
55612,399684,Illinois Chicago (W)
52266,399715,Illinois Chicago (W)
146227,399715,Illinois-Chicago
232444,399803,Bryant U (W)
281461,399803,Boston College
19498,399803,Bryant U (M)
107907,399905,Air Force (M)
260686,399905,Air Force (W)
171753,400273,Florida Southern
137957,400273,Cleveland St
616,400803,Notre Dame
167310,400803,SMU
88001,400852,Seattle U (W)
141174,400852,Seattle U (M)
253183,400857,Northwestern
286212,400857,GW
245904,400864,Washington St.
231380,400864,UCSB
2293,400878,Coast Guard
216060,400878,W&L
244753,400920,UNLV (W)
26234,400920,UNLV (M)
337051,400923,Redlands
255647,400923,Fla Atlantic (W)
121180,401354,Arizona St
216538,401354,BSC
86373,401431,Louisville
158121,401431,Auburn
309150,401596,PennWest
44016,401596,Cleveland St
298239,401596,Edinboro
44505,401679,Pittsburgh
278152,401679,George Mason
64072,401756,TAMPA
187077,401756,Washington
148048,402022,Evansville (M)
33748,402022,Evansville (W)
245031,402172,UNLV (W)
115791,402172,UNLV (M)
289692,402172,Fla Atlantic (W)
245553,402722,Bryant U (W)
55941,402722,Bryant U (M)
3555,402775,Rider
333058,402775,TCNJ
172379,402906,Grand Valley
40156,402906,SUNY Cobleskill
243913,402986,Missouri St (W)
107132,402986,East Carolina
288520,403016,Texas A&M
49666,403016,West Virginia
135287,403057,NC State
179338,403057,Queens (NC)
287288,403059,Penn
26386,403059,California
42400,403156,Auburn
157473,403156,SMU
311840,403224,Nova S'eastern
249709,403224,Florida St
304700,403282,Colorado Mesa
91131,403282,Eastern Mich
236954,403419,Michigan
252375,403419,Georgetown
154687,403420,Oakland
233575,403420,Loy. Marymount
166826,403420,Southern Indiana
60182,403694,Little Rock
228788,403694,Incarnate Word
260893,403715,Air Force (W)
55909,403715,Air Force (M)
101013,403735,Minnesota
275858,403735,Missouri
96060,403788,Nevada
243922,403788,Evansville (W)
164078,403885,Rider
157147,403885,LIU
127123,403885,Missouri St. (M)
253876,403983,Ohio St
289390,403983,Denver
275006,403989,Florida
249034,403989,Virginia
142594,404031,NJIT
129155,404031,Milwaukee
71919,404418,Cincinnati
160730,404418,George Mason
152940,404461,Wyoming (M)
1032,404461,Wyoming (W)
111205,404539,George Mason
165821,404539,South Carolina
228328,404771,New Hampshire
251191,404771,Fordham
101156,404852,Air Force (M)
272407,404852,Air Force (W)
37553,404886,Miami (FL)
282166,404886,Virginia Tech
335721,404986,R-MC
343078,404986,Marymount
71119,405040,South Carolina
167099,405040,Cal Baptist
189954,406942,Springfield
189554,406942,Middlebury
131299,406942,Kentucky
118883,406979,Bates
224266,406979,Denison
180781,406979,Augustana (M)
130888,408353,Southern Cali
167745,408353,West Virginia
272797,408995,Air Force (W)
49770,408995,Air Force (M)
234358,409016,Arkansas
255796,409016,North Texas
124334,409666,Pittsburgh
288366,409666,LSU
95265,409757,South Carolina
161957,409757,Wisconsin
232190,409839,Boise St
280472,409839,Nebraska
114776,411825,California
274160,411825,Southern Cali
11670,412426,Connecticut
182277,412426,Southern Conn
213981,412578,Rowan
88211,412578,Pittsburgh
36047,412994,Maine
283752,412994,Cleveland St
142891,413770,Cincinnati
134391,413770,Florida St
155908,413770,Niagara
174662,414098,Bloomsburg
185924,414098,IUP
95991,415900,Illinois Chicago (W)
256149,415900,Illinois-Chicago
262474,415942,Arizona
101011,415942,Iowa
264510,416107,Texas A&M
275755,416107,Arkansas
44596,416169,Nebraska
289889,416169,TCU
160252,416174,Seattle U (M)
121342,416174,Seattle U (W)
263903,416177,Georgia
281323,416177,Virginia
46275,416199,Wyoming (W)
132608,416199,Wyoming (M)
150625,416535,Georgia
22522,416535,Utah
168815,416653,Delaware
89642,416653,Norwich
63891,416666,St. Cloud St.-W
180635,416666,St. Cloud St.-M
74461,416760,Boise St
272930,416760,Wyoming (W)
229445,417073,Old Dominion (W)
36139,417073,Old Dominion (M)
118272,417200,Calvin
355851,417200,Denison
46944,417215,Cincinnati
268217,417215,Old Dominion (W)
48020,417284,Michigan
167930,417284,West Virginia
52438,417330,East Carolina
142133,417330,Pittsburgh
135073,417330,UNC
167400,417364,George Mason
23287,417364,Arizona
47944,417556,UNLV (M)
167161,417556,SMU
60391,417610,CSU East Bay
273770,417610,Houston
132456,417680,Seattle U (M)
51157,417680,Seattle U (W)
105008,417820,Iowa
139474,417820,Utah
32926,417824,Penn
165143,417824,Southern Cali
88565,418325,Tennessee
164807,418325,UCSB
49575,418349,Iowa
274358,418349,Arizona
44323,418407,Dixie State
304262,418407,Colorado Mesa
19970,418653,Pacific
165413,418653,Stanford
57384,418693,Texas
289687,418693,SMU
57328,418753,Tulane
291186,418753,Washington St.
132602,418768,Seattle U (M)
111156,418768,Seattle U (W)
169983,418840,Drury
78539,418840,Wyoming (W)
160304,418840,Wyoming (M)
240269,418894,Iowa State
36929,418894,Iowa
86473,418945,Southern Cali
165278,418945,Arizona St
247849,418950,Denver
310026,418950,Mines
31841,418956,Michigan
282057,418956,Notre Dame
162034,418997,Northwestern
497,418997,Georgetown
127173,419016,La Salle
154956,419016,Oakland
74151,419020,Old Dominion (M)
255535,419020,Old Dominion (W)
107142,419029,East Carolina
246713,419029,Kentucky
33258,419169,Grand Canyon
152171,419169,UN Omaha
95314,419403,Denver
150272,419403,LSU
233239,419481,UCLA
288725,419481,Vanderbilt
233455,419595,California
286790,419595,Northwestern
255561,420472,Florida Int'l
237337,420472,Rutgers
140040,421825,Alabama
165115,421825,California
230982,421916,Valparaiso (W)
91153,421916,Valparaiso (M)
127676,421985,Utah
274454,421985,Arizona St
120428,422123,Texas A&M
317277,422123,Kenyon
55896,422170,San Jose St
308783,422170,CSU East Bay
303887,422239,Edinboro
313901,422239,PennWest
123987,422503,LSU
278461,422503,Duquesne
65975,422592,Michigan
274290,422592,UCLA
307338,422728,West Florida
251951,422728,TCU
358146,422854,SUNY Oneonta
264368,422854,Texas A&M
26061,423441,Yale
282738,423441,Georgetown
709,423465,TCU
171233,423465,Queens (NC)
227595,423465,Baruch
315202,423467,Kalamazoo
42188,423467,Georgia
342685,423703,Carleton
316158,423703,Colby
49278,423716,Evansville (W)
238539,423716,Virginia Tech
62590,425106,Florida
162595,425106,Louisville
245008,426291,Air Force (W)
75500,426291,Air Force (M)
115779,426297,Air Force (M)
272463,426297,Air Force (W)
281386,427958,NC State
292386,427958,Ursuline
289498,427964,Rice
292657,427964,Frostburg St.
190476,431203,Allegheny
140349,431203,Colgate
118826,431630,Denison
238037,431630,Pittsburgh
301926,431717,Saint Rose
359616,431717,Augustana
352203,432270,Clarkson
125934,432270,Springfield
245674,432759,California
289957,432759,Texas
62336,433087,Fla Atlantic (W)
137649,433087,Fla Atlantic (M)
115334,433168,Indiana
274134,433168,UCLA
261142,433232,UNLV (W)
248433,433232,UNLV (M)
138081,433239,Columbia
220580,433239,Johns Hopkins
245550,433243,Bryant U (W)
100353,433243,Bryant U (M)
260286,433252,Hawaii
79433,433252,Cincinnati
263509,434312,Missouri
15792,434312,Iowa
56571,434417,Purdue
254016,434417,Wisconsin
240771,434417,Iowa
106928,434627,Illinois Chicago (W)
229850,434627,Illinois-Chicago
232330,434770,Air Force (W)
70033,434770,Air Force (M)
31670,434794,East Carolina
246494,434794,Tennessee
11792,434970,Florida St
186616,434970,TAMPA
137563,435825,Fla Atlantic (M)
62345,435825,Fla Atlantic (W)
267340,436578,UMBC
286870,436578,Rutgers
95516,437399,Notre Dame
188425,437399,Salisbury
80133,438168,Case Western
316737,438168,Wellesley
89304,438441,Nova S'eastern
175965,438441,Findlay
92867,438596,West Florida
312330,438596,Indy
283667,439855,IU Indianapolis
275018,439855,South Carolina
46832,440104,U.S. Navy
255383,440104,FGCU
86016,440190,Florida Southern
168287,440190,Purdue
171649,440219,Lynn
318872,440219,BSC
268367,440219,Rice
232740,442895,Bryant U (W)
40292,442895,Bryant U (M)
249617,442947,Virginia Tech
236995,442947,Michigan St
316100,442972,Marymount
237410,442972,Rutgers
244161,443107,Valparaiso (W)
65315,443107,Valparaiso (M)
314945,443137,Hope College
345378,443137,DePauw
139466,443146,Arizona
132375,443146,UNLV (M)
246853,443515,LSU
115304,443515,Iowa
1493,443639,Marist
217660,443639,SUNY Geneseo
60606,443653,NC State
249710,443653,Miami (FL)
114602,444688,Pacific
277679,444688,Idaho
280047,445178,Rutgers
258120,445178,Toledo
1037,445313,Wyoming (W)
141186,445313,Wyoming (M)
284407,445398,UNLV (W)
115767,445398,UNLV (M)
245894,445416,Utah
311320,445416,Colorado Mesa
21259,445423,Eastern Ill
290868,445423,San Diego
259597,445765,CSUB
309267,445765,Clarion
253064,445818,Illinois
271962,445818,San Diego
313134,445823,Augustana (W)
116960,445823,Oklahoma Baptist
326755,446474,Saint Joseph CT
93401,446474,UM Dartmouth
261896,446602,Bryant U (W)
41152,446602,Bryant U (M)
232265,446822,UNLV (W)
91271,446822,UNLV (M)
162866,447018,Georgia Tech
173477,447018,Henderson St.
33156,447170,Army
167341,447170,St. Bonaventure
31649,447321,New Mexico
272998,447321,Wagner
234440,447488,American
312245,447488,Truman St.
250306,447702,UMBC
110088,447702,South Dakota
42038,447931,St. Kate's
339068,447931,UWEC
29364,448083,UW-Whitewater
339071,448083,UW-L
153513,448593,Pittsburgh
164615,448593,SIUC (M)
41428,448685,Missouri St. (M)
243911,448685,Missouri St (W)
149360,449486,Arizona
156642,449486,Hawaii
166895,449803,Wyoming (M)
121885,449803,Wyoming (W)
4838,449991,Liberty
318814,449991,Sewanee
311124,450292,Colorado Mesa
67787,450292,Carson-Newman
103416,450591,Southern Cali
158326,450591,Alabama
277216,450620,South Dakota St
291161,450620,Arizona
69315,450694,Arizona
291579,450694,California
240767,450809,Northwestern
250546,450809,SMU
86128,450844,East Carolina
143353,450844,GW
262661,450917,Southern Cali
236977,450917,Northwestern
249352,450947,NC State
232899,450947,SMU
237439,450971,Northwestern
251439,450971,Fordham
150700,451072,Tennessee
7979,451072,Iowa
69332,451082,Northwestern
281676,451082,Miami (FL)
275529,451711,Alabama
267708,451711,GA Southern
64290,451771,Denison
221641,451771,Calvin
229997,451910,Harvard
280152,451910,Ohio St
173934,452371,Oklahoma Baptist
177715,452371,Henderson St.
229213,452710,Old Dominion (W)
106845,452710,Old Dominion (M)
65485,452856,East Carolina
239996,452856,George Mason
298357,452880,Oklahoma Baptist
255058,452880,Gardner-Webb
158546,453033,LSU
111417,453033,Louisville
355478,453699,USMMA
97114,453699,Staten Island
160099,454072,Wyoming (M)
89034,454072,Wyoming (W)
268269,454127,Liberty
116083,454127,Penn St
53313,455899,Seattle U (W)
153027,455899,Seattle U (M)
272861,455906,Air Force (W)
83744,455906,Air Force (M)
208005,456093,SUNY Oneonta
216798,456093,Redlands
136563,456361,Seton Hall
212531,456361,Marywood
133304,456361,Connecticut
158391,456918,Missouri
136860,456918,Michigan
126883,456936,Kentucky
186063,456936,Clarion
110741,456994,Illinois Chicago (W)
137844,456994,Illinois-Chicago
146589,457001,IU Indianapolis
69463,457001,Western Ill
256255,457620,Illinois-Chicago
123581,457620,Illinois Chicago (W)
15551,457847,Western Ill
259588,457847,CSUB
110183,458216,William & Mary
218523,458216,UW-Stevens Point
324098,458669,McMurry
316927,458669,Kean University
104548,459303,Lindenwood
330903,459303,Saint Benedict
250552,459545,SMU
284459,459545,Nevada
131748,459561,Lehigh
138896,459561,Pacific
33392,459810,Michigan St
143904,459810,Texas
221950,459854,Stevens
187776,459854,Rose-Hulman
10302,459993,Oklahoma Baptist
307318,459993,Ouachita
311336,459993,UTPB
277692,460985,Northern Ariz
26282,460985,Boise St
224120,461040,Denison
161361,461040,Villanova
134312,461040,Florida St
149115,461044,St. Francis
165055,461044,Wagner
152748,461054,Seattle U (M)
86131,461054,Seattle U (W)
20888,461126,Idaho
242674,461126,Cleveland St
272627,461144,UNLV (W)
124698,461144,UNLV (M)
313070,461256,Northern State
304425,461256,WCU
241347,461398,Michigan
275805,461398,South Carolina
40440,461641,New Mexico
250786,461641,Cincinnati
140006,461726,Alabama
226903,461726,NYU
118896,462139,Findlay
358498,462139,Case Western
157171,462158,LIU
80461,462158,Western Ill
186733,462158,Lynn
105368,462458,Wyoming (W)
152763,462458,Wyoming (M)
277956,462470,St. Louis
318751,462470,Rhodes
83703,462488,Missouri St. (M)
258934,462488,Missouri St (W)
164564,462762,Ball State
88124,462762,Michigan St
77220,463612,Connecticut
347778,463612,Berry
181519,463931,Indy
169037,463931,King
110918,464808,SMU
185919,464808,West Chester
132726,466212,La Salle
147314,466212,Monmouth
78703,466240,Coast Guard
284537,466240,Colorado St.
238289,466249,Notre Dame
318312,466249,Saint Vincent
177687,466717,Henderson St.
187428,466717,Alfred
129378,466717,Cornell
136707,467284,Michigan
97994,467284,Denver
165798,467284,Florida
176016,467284,Saginaw Valley
150392,467284,Georgia
139633,468728,Auburn
145105,468728,Michigan
272502,468961,Air Force (W)
66435,468961,Air Force (M)
307149,468975,Drury
284443,468975,Air Force (W)
27282,469021,SIUC (W)
290823,469021,CSUB
161815,469803,Indiana
20175,469803,Texas
250451,471232,East Carolina
341922,471232,Lebanon Valley
43121,471645,Mt St Mary's
182509,471645,Fresno Pacific
192554,471667,SUNY Geneseo
89051,471667,Eastern Ill
83632,473927,UNC Asheville
295363,473927,Queens (NC)
146007,474597,Gardner-Webb
174062,474597,Oklahoma Baptist
87584,474783,Carson-Newman
150980,474783,Bucknell
41110,474912,Princeton
238694,474912,UNC
15303,476503,East Carolina
268087,476503,Liberty
72305,477863,Notre Dame
195241,477863,John Carroll
247475,478162,Colgate
319388,478162,Colorado College
22220,478281,Bowdoin
287252,478281,Columbia
108430,478380,Air Force (M)
260642,478380,Air Force (W)
162600,478728,Virginia
195035,478728,Pacific Lutheran
235243,478898,Grand Canyon
255852,478898,North Texas
347559,479014,Berry
292274,479014,Barton
230702,479105,Akron
94833,479105,William & Mary
8815,479126,Old Dominion (M)
242026,479126,Old Dominion (W)
53717,479361,Seattle U (W)
166973,479361,Seattle U (M)
104400,479365,Catawba
311327,479365,Nebraska Kearney
330659,479518,Carleton
343130,479518,Cedar Crest
286845,479518,Michigan
271574,479570,San Diego
284550,479570,San Diego St
279632,480154,Xavier
69182,480154,Wingate
354855,480154,MIT
286647,480154,Northwestern
267778,480154,Virginia MI
167575,480488,St. Louis
69590,480488,TCU
143972,480579,West Virginia
195739,480579,Hendrix
276624,481722,Lafayette
355200,481722,Rowan
146634,482226,Cleveland St
33530,482226,Louisville
263163,482400,Alabama
107453,482400,Indiana
129830,482423,Evansville (M)
119288,482423,Evansville (W)
230962,482540,Bowling Green
5158,482540,Eastern Mich
161565,482558,Ohio St
51167,482558,West Virginia
154782,482638,Cleveland St
87888,482638,Tennessee
228836,483294,Old Dominion (W)
100068,483294,Old Dominion (M)
189644,483441,Colby
63686,483441,Georgetown
174046,483789,Mines
7227,483789,Ohio Wesleyan
250210,484195,Stony Brook
65910,484195,Providence
111629,484284,IU Indianapolis
227643,484284,North Central
287850,484286,Missouri St (W)
83715,484286,Missouri St. (M)
238806,484364,NC State
19526,484364,IU Indianapolis
258971,484407,Missouri St (W)
26185,484407,Missouri St. (M)
280,484733,Texas A&M
187669,484733,Franklin
132164,484899,South Dakota St
198910,484899,VASSAR
216832,485891,Claremont MS
189231,485891,Grinnell
222380,485891,Gustavus
30595,485891,Western Colorado University
295158,485891,WCU
271337,485994,Illinois Chicago (W)
256589,485994,Illinois-Chicago
146238,486065,Illinois-Chicago
23178,486065,Illinois Chicago (W)
104290,486166,Kentucky
275260,486166,Vanderbilt
53483,486338,Illinois Chicago (W)
146101,486338,Illinois-Chicago
341135,486509,Hope College
253922,486509,Michigan
111574,486573,Michigan St
168043,486573,Xavier
225097,486824,Ohio Northern
180685,486824,Saginaw Valley
153200,486849,Florida St
111733,486849,Bryant U (M)
205807,486911,Greensboro Coll.
43395,486911,Hope College
188614,486944,Hope College
200122,486944,Olivet
188362,486991,Salisbury
34507,486991,Oklahoma Christi
129044,487006,Illinois-Chicago
104620,487006,Illinois Chicago (W)
212367,487062,Carleton
219324,487062,Baruch
130112,487062,Missouri St (W)
186758,487726,Lynn
42547,487726,Seton Hall
306216,488039,NDC
292566,488039,Tiffin
230475,488155,Monmouth
341656,488155,Arcadia
185392,488215,Henderson St.
227909,488215,Hartwick
46024,488215,Providence
152964,488215,Grand Canyon
131427,488215,Auburn
293248,488273,Lindenwood
16984,488273,Fla Atlantic (W)
267922,488281,Old Dominion (W)
74155,488281,Old Dominion (M)
80119,488387,Rochester
238135,488387,NC State
220525,488530,Warren Wilson
188779,488530,Albright
282694,488653,UNC Asheville
56735,488653,Pittsburgh
254332,488653,James Madison
144588,488818,Wisconsin
166696,488818,South Dakota
273987,488854,Cincinnati
262776,488854,California
241036,488973,Iowa
280381,488973,Ohio St
187982,489091,Susquehanna
139014,489091,Cal Poly
315396,489273,YCP
303746,489273,Clarion
171664,489478,TAMPA
151188,489478,Boston U
192098,489478,Cal Lutheran
162567,489479,Notre Dame
190958,489479,Whitman
217133,489563,Cal Lutheran
191247,489563,Ohio Northern
134359,489620,Florida St
186948,489620,TAMPA
164858,490693,Hawaii
71765,490693,Arizona St
159154,490906,Lafayette
197278,490906,Wheaton IL
41753,491212,San Diego St
337548,491212,Pomona-Pitzer
333624,491475,Kenyon
232423,491475,Wagner
259155,491525,Missouri St (W)
123697,491525,Missouri St. (M)
66620,491858,Pittsburgh
283516,491858,Milwaukee
133217,491898,Xavier
110051,491898,Northwestern
219714,492003,Carthage
22311,492003,Illinois Chicago (W)
129133,492003,Illinois-Chicago
177571,492003,Drury
81539,492100,St. Cloud St.-W
180668,492100,St. Cloud St.-M
146467,492131,Illinois-Chicago
119398,492131,Illinois Chicago (W)
279480,492161,Connecticut
286191,492161,Fordham
138403,492647,Evansville (M)
31015,492647,Evansville (W)
138400,492650,Evansville (M)
22396,492650,Evansville (W)
132922,493150,West Virginia
130553,493150,Bryant U (M)
222573,493150,St. Mary's MD
355546,493193,Husson
123475,493193,Maine
53226,493278,California
209255,493278,Luther
111566,493297,Michigan St
166613,493297,South Dakota
134514,493804,Pittsburgh
192739,493804,Wash U. MO
227992,493866,Hartwick
195111,493866,Puget Sound
75390,494233,Illinois Chicago (W)
256436,494233,Illinois-Chicago
146090,494249,IU Indianapolis
174587,494249,Saint Leo
110175,494390,Youngstown St
167385,494390,Fordham
205795,494390,Virginia Wesleya
12469,494430,Penn
165765,494430,Kentucky
165318,494430,Southern Cali
153626,494569,Pittsburgh
165801,494569,Tennessee
121487,494569,William & Mary
61140,494604,Drew
191416,494604,Randolph
290514,494985,Mt St Mary's
76308,494985,Army
239438,494998,Cincinnati
283406,494998,Delaware
114490,495060,Siena
290341,495060,Canisius
237158,495090,Penn St
275735,495090,Georgia
83243,495107,TCU
248354,495107,Grand Canyon
344885,495123,Kean University
242424,495123,Marshall
267372,495128,Bryant U (W)
92177,495128,Bryant U (M)
282971,495249,Seton Hall
281403,495249,Pittsburgh
199261,495276,Ithaca
34313,495276,Arizona St
244832,495447,Air Force (W)
16237,495447,Air Force (M)
56120,495460,Auburn
241112,495460,Minnesota
284489,495515,Air Force (W)
92160,495515,Air Force (M)
268893,495539,Cleveland St
27043,495539,Houston
135543,495669,NC State
150933,495669,Alabama
157507,495945,Arizona
152290,495945,UN Omaha
227768,495977,IWU
90118,495977,Rose-Hulman
231889,496394,Air Force (W)
74463,496394,Air Force (M)
303186,497024,Concordia Irvine
317500,497024,Whitman
233422,500339,Arizona
291074,500339,Hawaii
132689,501104,La Salle
156815,501104,Hawaii
19603,501648,Arizona
153758,501648,Notre Dame
177213,501834,UMSL
131777,501834,Boston U
190849,501834,Linfield
226363,501834,SUNY Geneseo
80748,502610,TCU
168158,502610,Seton Hall
102011,502749,Sioux Falls
311306,502749,Oklahoma Christi
238136,502871,Louisville
260377,502871,Nevada
37443,502884,LSU
275145,502884,Texas A&M
51792,502913,Arkansas
290199,502913,Houston
76362,502958,Vanderbilt
298817,502958,Queens (NC)
157480,503113,Cincinnati
42337,503113,Missouri St. (M)
130073,503113,Missouri St (W)
296453,503296,Grand Valley
236137,503296,West Virginia
52971,503456,Florida St
167193,503456,Fla Atlantic (M)
47112,503881,Pittsburgh
289513,503881,North Texas
157978,504523,Arizona
12179,504523,Auburn
223549,504659,Worcester Poly
206879,504659,Occidental
160119,504740,Wyoming (M)
20065,504740,Wyoming (W)
169893,504786,Indy
95463,504786,UNC Wilmington
84085,504889,Old Dominion (M)
268359,504889,Old Dominion (W)
284737,505065,San Diego St
253497,505065,Minnesota
57070,505124,Colorado St.
287769,505124,Illinois Chicago (W)
72964,505228,Stevens
188774,505228,King's
138703,505228,Missouri St (W)
304703,505282,Colorado Mesa
74816,505282,Dixie State
12689,505424,South Dakota St
194312,505424,Hamline
61436,505572,Missouri St. (M)
271025,505572,Missouri St (W)
286934,505582,Purdue
16313,505582,South Carolina
338906,505592,Case Western
360032,505592,Rose-Hulman
50323,505638,Delta State
306975,505638,Indy
279789,505663,Iowa
253059,505663,Penn St
92327,505673,Houston
291173,505673,Washington St.
274807,505829,Pepperdine
314824,505829,Keene St.
270974,506040,Little Rock
357357,506040,BSC
275855,506373,Missouri
228950,506373,FGCU
94879,506373,Arizona St
250504,506402,SMU
321060,506402,Wells
184661,507396,NMU
69664,507396,Grand Canyon
56454,507468,Villanova
276820,507468,Holy Cross
197541,507479,Carthage
61043,507479,Adams St.
144678,508046,Ohio St
162919,508046,Florida St
239167,508083,UMBC
282640,508083,FGCU
160830,508161,Fordham
194824,508161,Kenyon
101304,508260,Pittsburgh
286229,508260,George Mason
19772,508314,Arizona St
286040,508314,Duquesne
193025,508325,UW-L
118819,508325,Illinois Chicago (W)
137888,508325,Illinois-Chicago
272939,508453,UNLV (W)
32009,508453,UNLV (M)
8054,508487,Florida St
179057,508487,Queens (NC)
96053,508498,UNLV (M)
260544,508498,UNLV (W)
30776,508605,Hawaii
177100,508605,Drury
273785,508623,Houston
241062,508623,Iowa
291628,508642,California
236884,508642,Northwestern
160359,508651,Wyoming (M)
103452,508651,Denver
7841,508719,East Carolina
150658,508719,Tennessee
242192,508784,FGCU
103287,508784,East Carolina
310502,508845,Lynn
255769,508845,Florida Int'l
287178,508855,Rutgers
234187,508855,Missouri
46188,508966,San Jose St
236343,508966,West Virginia
290081,508971,TCU
281142,508971,Florida St
141551,508979,NC State
20151,508979,Louisville
111239,508997,Connecticut
145314,508997,Northwestern
133076,509263,TCU
158058,509263,LSU
266936,510521,Northern Colo
281582,510521,Virginia Tech
267519,510538,Bryant U (W)
32016,510538,Bryant U (M)
296664,510586,Indy
232128,510586,Boise St
80198,510603,Youngstown St
159679,510603,UN Omaha
222760,510861,Wesleyan
195853,510861,Claremont MS
177512,511054,UMSL
81558,511054,McKendree
313106,511241,Augustana (W)
258898,511241,SIUC (W)
197700,511361,Augustana
81809,511361,Monmouth
234034,511606,Kentucky
272596,511606,New Mexico
175551,512489,Malone
105719,512489,Eastern Ill
150320,512537,South Carolina
171202,512537,Queens (NC)
235902,516774,St. Bonaventure
280458,516774,Rutgers
253864,517411,Indiana
284103,517411,Akron
69232,517828,NC State
158202,517828,South Carolina
28131,517993,UNLV (M)
336997,517993,Redlands
272324,517993,UNLV (W)
121942,518028,NJIT
167667,518028,George Mason
189703,518103,Wesleyan
195366,518103,Lynchburg
150433,519821,LSU
188073,519821,Neb Wesleyan
74176,520008,Old Dominion (M)
229128,520008,Old Dominion (W)
38168,520025,Findlay
346534,520025,John Carroll
103936,520165,Alabama
260355,520165,New Mexico
110065,520393,Brigham Young
228724,520393,Campbell
351658,520393,Sou. Virginia
287650,520410,Missouri St (W)
50116,520410,Missouri St. (M)
250556,520410,Houston
189849,520772,Connecticut
89060,520772,Binghamton
63322,520815,UNC
165711,520815,Tennessee
289853,521144,East Carolina
305460,521144,Rollins
339639,521814,Scranton
58007,521814,Malone
97636,521965,Hamilton
236136,521965,Kansas
7919,522770,Denver
167053,522770,Grand Canyon
195014,522770,Linfield
261387,522983,Wagner
285641,522983,New Hampshire
149193,522987,St. Francis
171425,522987,Carson-Newman
268340,523182,Old Dominion (W)
7609,523182,Old Dominion (M)
153033,523344,Grand Canyon
154620,523344,Oakland
19329,524819,Piedmont
341691,524819,FDU-Florham
342088,525290,Grinnell
317758,525290,Puget Sound
45411,526257,Amherst
358219,526257,SUNY Geneseo
269467,526260,Princeton
333019,526260,Ramapo
285743,526329,Bryant U (W)
75538,526329,Bryant U (M)
260388,526367,Air Force (W)
125193,526367,Air Force (M)
250211,526412,UMBC
343984,526412,Bates
286444,526412,George Mason
81007,526561,UNC
168882,526561,UNC Wilmington
164157,526765,Rider
130260,526765,Brigham Young
226385,526998,SUNY Fredonia
147599,526998,Canisius
12727,527051,Binghamton
207960,527051,SUNY Geneseo
196062,527321,McMurry
219582,527321,Augustana
358127,527895,SUNY Oswego
279558,527895,Xavier
282173,528735,Virginia Tech
320721,528735,Utica
92006,529148,Minnesota
287142,529148,Rutgers
318672,529601,Purchase College
358290,529601,SUNY Brockport
151539,529957,Army
217096,529957,Caltech
116428,530115,American
283077,530115,Towson
264271,532069,Arkansas
289526,532069,East Carolina
186615,532793,TAMPA
46301,532793,Florida St
15183,532856,Air Force (M)
231979,532856,Air Force (W)
103083,537848,Niagara
144508,537848,Indiana
138746,537848,Pacific
266197,539004,South Dakota St
297450,539004,Sioux Falls
284620,539083,San Diego St
239530,539083,Tulane
167797,539185,Cincinnati
53064,539185,Iowa
206346,540840,USMMA
191808,540840,Berry
328645,541571,Salisbury
85524,541571,Norwich
46880,542537,Ohio St
273784,542537,East Carolina
130092,542901,Missouri St (W)
104698,542901,Missouri St. (M)
172835,542901,Jewell
118972,543868,Illinois Wesleyan University
307393,543868,Delta State
324398,543868,IWU
7654,544612,Florida St
275633,544612,Florida
129406,545017,Penn
168577,545017,Minnesota
164683,545080,Miami (Ohio)
98334,545080,Ohio St
255283,545265,North Florida
291944,545265,Cal Baptist
226278,545685,SUNY New Paltz
48730,545685,Messiah
231840,546586,UNLV (W)
8997,546586,UNLV (M)
189126,547257,Grinnell
226898,547257,Wash U. MO
306241,547505,NDC
124595,547505,Cleveland St
214390,547635,Denison
163978,547635,Cornell
275767,548229,Georgia
287095,548229,Wisconsin
160754,548707,Fordham
145590,548707,Drexel
333634,548862,Kenyon
345417,548862,Wooster
215491,548998,Mount Union
112723,548998,Edinboro
220237,549013,Alfred State
34326,549013,Cleveland St
271106,549371,Missouri St (W)
51039,549371,Missouri St. (M)
356307,550087,George Fox
70643,550087,Willamette
350815,550717,Augustana
323730,550717,Hendrix
346761,551062,W&L
285210,551062,Loyola (MD)
118868,551297,Incarnate Word
276728,551297,U.S. Navy
307481,551333,Ouachita
87271,551333,Eastern Ill
101483,551373,Illinois Chicago (W)
256309,551373,Illinois-Chicago
24321,551548,Augustana (W)
176280,551548,Augustana (M)
154469,553366,Gardner-Webb
133107,553366,Xavier
152747,555201,Wyoming (M)
33896,555201,Wyoming (W)
155093,555201,IU Indianapolis
184484,555215,St. Cloud St.-M
54145,555215,St. Cloud St.-W
69147,555323,L&C
291567,555323,Arizona
9049,556696,Bryant U (M)
245416,556696,Bryant U (W)
168299,557442,Indiana
23015,557442,Pittsburgh
96907,558020,Valparaiso (M)
259526,558020,Valparaiso (W)
269055,558020,Wis.- Green Bay
26358,558138,California
288885,558138,Florida
99635,558293,Alfred State
221623,558293,Calvin
143432,559132,Fordham
174380,559132,Wingate
222097,559938,St. Norbert
169428,559938,Grand Valley
175627,564293,Malone
89097,564293,Tiffin
205971,565238,UC Santa Cruz
149176,565238,LIU
339010,566199,UW-Oshkosh
354387,566199,Middlebury
46392,566683,Florida St
163442,566683,Oakland
272675,566695,Air Force (W)
67034,566695,Air Force (M)
287827,566755,Missouri St (W)
92556,566755,Missouri St. (M)
132216,567020,South Dakota St
200243,567020,Olivet
40219,567020,"University of Olivet, The"
228112,567322,Manchester
132540,567322,Air Force (M)
86120,567815,UW-Stevens Point
313761,567815,Millersville
172260,567847,Wayne State
103124,567847,NYU
138252,567847,Monmouth
248223,567906,Grand Canyon
304994,567906,Queens (NC)
78591,568339,Wesleyan
284395,568339,Nevada
134856,569087,Florida St
164796,569087,Hawaii
167450,569118,Massachusetts
111478,569118,Boston College
217527,569282,SUNY Brockport
25363,569282,Ithaca
54004,570192,NDC
214842,570192,Hiram College
188777,572180,Wilkes
187161,572180,Ursinus
164671,573399,Miami (Ohio)
71593,573399,Ohio St
203162,573564,Worcester Poly
174252,573564,Lenoir-Rhyne
337209,574639,Whittier College
240123,574639,Texas
107902,574760,Air Force (M)
286230,574760,Duquesne
244916,574760,Air Force (W)
4442,574972,Illinois Chicago (W)
242759,574972,Illinois-Chicago
141697,575258,UNC
48221,575258,Arizona
104551,575642,Nebraska Kearney
342901,575642,Macalester
232841,575642,Tulane
124702,575796,Central Conn St
286146,575796,Massachusetts
314825,575863,E. Connecticut
298289,575863,Oklahoma Baptist
267156,576003,Bryant U (W)
74507,576003,Bryant U (M)
200722,576064,Lycoming
20521,576064,Wheaton MA
270886,576161,Illinois Chicago (W)
256681,576161,Illinois-Chicago
95451,577029,Texas
185139,577029,Drury
53716,579061,Wyoming (W)
167020,579061,Wyoming (M)
121133,579649,Howard
165866,579649,Georgia
38409,579676,Barton
312127,579676,Lewis
25910,579790,UNC Asheville
281982,579790,UNC
62445,580228,Evansville (W)
138494,580228,Evansville (M)
168214,580808,Wisconsin
23543,580808,Minnesota
146632,581423,IU Indianapolis
163602,581423,Oakland
63568,581522,Georgia
162585,581522,Duke
154388,581836,Fla Atlantic (M)
69607,581836,Fla Atlantic (W)
290669,587115,Iona Coll
104565,587115,Whitman
177745,587249,Montevallo
224493,587249,Kenyon
278404,593407,Fordham
116085,593407,Indiana
245970,593418,UCLA
69060,593418,Sacred Heart
349223,594460,CMU
41930,594460,Kalamazoo
153427,596689,Pittsburgh
167457,596689,Fordham
42974,597750,Wis.- Green Bay
180152,597750,Emmanuel
255201,597959,Gardner-Webb
271371,597959,Northern Iowa
314882,597959,Mary Washington
107813,598156,Wis.- Green Bay
312907,598156,St. Cloud St.-W
325552,598204,F&M
319907,598204,UWEC
118761,598309,McKendree
196051,598309,Colorado College
185135,599501,Quincy
133960,599501,Delaware
192949,599501,UW-Stevens Point
116921,599964,Concordia
310802,599964,Malone
224355,601851,Denison
51340,601851,Fresno Pacific
55324,601890,Bethany
225546,601890,W&J
128909,601986,Gardner-Webb
215939,601986,Lynchburg
162541,602149,Duke
133437,602149,Purdue
157098,602208,Cal Poly
136736,602208,Ohio St
52674,603807,Seattle U (W)
152830,603807,Seattle U (M)
124441,604993,Cincinnati
283211,604993,UNC Wilmington
306360,605426,Ashland
318605,605426,Grove City
177087,606004,Lewis
171084,606004,Colorado Mesa
290963,606969,Incarnate Word
244056,606969,Illinois St
84303,607175,LSU
288448,607175,South Carolina
284555,607822,Air Force (W)
343631,607822,Bowdoin
104557,607822,Air Force (M)
53641,607988,Auburn
191525,607988,Lynchburg
47221,608183,Missouri St. (M)
287948,608183,Missouri St (W)
167243,608230,Fla Atlantic (M)
12431,608230,Fla Atlantic (W)
189065,608624,Grinnell
132157,608624,Western Ill
154626,608639,Wis.- Green Bay
164513,608639,Illinois-Chicago
176096,609113,St. Cloud St.-M
8273,609113,St. Cloud St.-W
228739,609915,Liberty
313770,609915,Millersville
50122,610301,UNC
333401,610301,Kenyon
105098,610312,Louisville
168617,610312,UNC Wilmington
45012,610321,South Carolina
283177,610321,UNC Wilmington
252049,610429,Texas
242834,610429,Oakland
154581,610433,Fla Atlantic (M)
126914,610433,Fla Atlantic (W)
262924,610466,California
290245,610466,Texas
274227,610487,Arizona St
286372,610487,Fordham
183960,610489,TAMPA
134273,610489,Louisville
281899,610614,UNC
275629,610614,Vanderbilt
262811,610614,UCLA
47313,611515,Lafayette
322844,611515,John Carroll
139667,612354,LSU
155346,612354,Penn
199090,613335,Rensselaer
192033,613335,Claremont MS
99246,613373,Hartwick
222629,613373,Cabrini
190154,613925,Ramapo
223767,613925,WPUNJ
279840,614754,Nebraska
232937,614754,East Carolina
288946,614852,Georgia
78833,614852,Iowa
281707,615553,Virginia Tech
264150,615553,Florida
127301,616606,Alabama
162709,616606,Louisville
699,616693,George Mason
215810,616693,Lynchburg
255857,616758,Old Dominion (W)
49953,616758,Old Dominion (M)
112884,616772,Barry U
213370,616772,Bates
152149,616786,Denver
165258,616786,Arizona
254961,616800,Gardner-Webb
242436,616800,Florida Int'l
279871,616820,Ohio St
285807,616820,Maine
22765,618361,West Virginia
168804,618361,William & Mary
332734,618606,Coast Guard
234771,618606,Lehigh
31127,618771,Florida St
157539,618771,Arizona St
306902,619267,McKendree
28457,619267,Florida Southern
42995,619393,Columbia
227321,619393,Dickinson
175070,619425,Bloomsburg
187085,619425,Ursinus
118192,620039,Catholic UA
355550,620039,Maine Maritime
188133,620191,RIT
203625,620191,Rowan
358810,622449,UW-L
101082,622449,Wis.- Green Bay
154126,623088,Maine
53596,623088,Wagner
8636,623110,Nazareth
226802,623110,Rochester
132612,623466,Wyoming (M)
22702,623466,Wyoming (W)
11094,623467,Connecticut College
316265,623467,Connecticut
358412,623467,Emory
59755,626964,Beloit College
359635,626964,Carroll
94864,627699,Stony Brook
290431,627699,Canisius
279340,627699,Villanova
31967,628860,North Texas
274800,628860,Loy. Marymount
359630,630542,Augustana
237067,630542,Illinois
331251,630542,Westfield State
357553,630542,Berry
146261,630874,Illinois-Chicago
808,630874,Illinois Chicago (W)
76351,631733,Northern Ariz
284578,631733,Nevada
320651,633448,Hartwick
233035,633448,Southern Cali
267324,633448,Vermont
179237,634787,Wingate
186617,634787,Nova S'eastern
176311,635054,St. Cloud St.-M
103681,635054,St. Cloud St.-W
134339,635299,Georgia Tech
161701,635299,Michigan
158016,635446,Arizona St
136770,635446,Northwestern
187881,635446,Susquehanna
81364,635493,Cal Baptist
222637,635493,Gordon
268617,637262,Fla Atlantic (W)
245428,637262,LIU
131105,638215,Arizona
197019,638215,Gettysburg
291328,638542,UCLA
292536,638542,Frostburg St.
132444,638882,Seattle U (M)
31087,638882,Seattle U (W)
118817,640854,Wheeling
129299,640854,Dartmouth
92300,641384,NC State
289706,641384,East Carolina
260344,642807,UNLV (W)
65371,642807,UNLV (M)
147670,647077,Niagara
221190,647077,RIT
8115,648468,Utah
171192,648468,Carson-Newman
168509,648503,Purdue
171899,648503,Salem (M)
69325,650198,Grand Canyon
258297,650198,Eastern Mich
67262,650512,Evansville (W)
296926,650512,Lindenwood
234007,650719,South Carolina
323490,650719,Grove City
269968,651083,Rider
288043,651083,Sacred Heart
302584,651634,Sioux Falls
358976,651634,UWEC
119276,652793,Oakland
207047,652793,Whittier College
40857,652897,Emmanuel
181195,652897,Lewis
129976,653481,Evansville (M)
31019,653481,Evansville (W)
165993,653598,U.S. Navy
69078,653598,YCP
247044,653680,Vanderbilt
86857,653680,Arizona
180153,653961,Emmanuel
184986,653961,Lewis
310543,655751,Rollins
28143,655751,Loy. Marymount
237658,659405,Delaware
339581,659405,Sou. Virginia
258278,659425,Eastern Mich
311993,659425,Wayne State
161030,659651,TCU
88572,659651,Auburn
96293,661405,Penn St
287175,661405,Rutgers
289847,661616,Florida Int'l
61466,661616,Washington St.
291707,661994,GA Southern
60629,661994,Oakland
19543,662065,Randolph-Macon College
285651,662065,Bryant U (W)
323063,662065,R-MC
167038,662952,Seattle U (M)
1467,662952,Seattle U (W)
142859,662957,SMU
167041,662957,Cal Baptist
198342,663038,Rose-Hulman
188351,663038,WestConn
63515,663206,Rider
226922,663206,Wash U. MO
333623,664421,Denison
30931,664421,Pittsburgh
305912,666449,UNC- Pembroke
243906,666449,Missouri St (W)
325634,666449,Washington
181086,666742,St. Cloud St.-M
61094,666742,St. Cloud St.-W
271412,667407,Missouri St (W)
37343,667407,Missouri St. (M)
177297,670193,Jewell
43254,670193,Oklahoma Baptist
272839,670579,Air Force (W)
92579,670579,Air Force (M)
162811,672098,Notre Dame
31125,672098,Louisville
40659,672165,Florida St
186286,672165,Colorado Mesa
267278,672427,Bryant U (W)
76170,672427,Bryant U (M)
214750,673959,Ohio Wesleyan
12759,673959,Malone
269745,674502,Niagara
31778,674502,New Mexico St
261504,675125,St. Francis
312144,675125,ROCK
160147,675385,Wyoming (M)
224632,675385,Linfield
30772,675385,Wyoming (W)
53715,676141,Wyoming (W)
160091,676141,Wyoming (M)
69667,676250,Tennessee
173261,676250,Indy
118790,677086,Providence
294656,677086,West Chester
92173,677460,Sacred Heart
278065,677460,Massachusetts
176476,678315,St. Cloud St.-M
119583,678315,St. Cloud St.-W
228220,679056,Rose-Hulman
221394,679056,E. Connecticut
340452,679475,Skidmore
274009,679475,Fla Atlantic (W)
267310,679984,Bryant U (W)
76171,679984,Bryant U (M)
165154,683852,Arizona St
88331,683852,Texas
156437,684526,Illinois-Chicago
88808,684526,Illinois Chicago (W)
156601,684828,Illinois-Chicago
81164,684828,Illinois Chicago (W)
165563,684852,Missouri
224567,684852,Kenyon
287838,685005,Valparaiso (W)
37850,685005,Valparaiso (M)
119932,685339,West Virginia
280341,685339,Nebraska
209660,687103,Catholic UA
203718,687103,Husson
242772,689950,Illinois-Chicago
287695,689950,Illinois Chicago (W)
276077,689957,Lafayette
324420,689957,IWU
60312,689957,Illinois Wesleyan University
207533,690555,Colorado College
31443,690555,USMMA
101768,691226,Little Rock
301213,691226,Henderson St.
327030,692009,Franklin
5167,692009,Auburn
46114,692659,Alabama
165666,692659,South Carolina
296033,693764,Davis & Elkins
305709,693764,Barton
330306,694433,St. Norbert
78488,694433,Manchester
94916,694649,Drury
156818,694649,Pacific
239032,696129,Pittsburgh
291663,696129,Arizona
7801,696721,Evansville (W)
129883,696721,Evansville (M)
40343,697725,Arizona
165395,697725,Arizona St
185976,698222,Bloomsburg
173630,698222,Biola University
188260,704067,Ithaca
178254,704067,Bentley
110148,704741,CALU-PA
340402,704741,Clarkson
68252,706198,Millikin
331174,706198,Saint Benedict
153889,709906,Bryant U (M)
303277,709906,Concordia Irvine
190366,709906,Maine Maritime
67167,712367,American
286450,712367,Fordham
340181,712385,RIT
118767,712385,Husson
192544,713812,SUNY Potsdam
214967,713812,L&C
325809,714144,Baruch
320241,714144,Hunter
243240,714144,Iona Coll
93320,726331,WCU
305822,726331,UNC- Pembroke
135433,739205,Duke
184511,739205,St. Cloud St.-M
209966,739205,VASSAR
131937,739205,U.S. Navy
140133,739205,Texas A&M
147967,741025,Valparaiso (M)
181279,741025,Lewis
335028,745434,Mount Union
91545,745434,Eastern Ill
258703,745438,Bowling Green
275077,745438,Auburn
115661,748330,Illinois Chicago (W)
242955,748330,Illinois-Chicago
180869,749516,Wayne State
30775,749516,Notre Dame
1466,751706,Seattle U (W)
160067,751706,Seattle U (M)
312643,757328,Pace
261924,757328,St. Francis
235330,757328,Northern Colo
132513,758550,Cal Baptist
30531,758550,Saint Lawrence
179817,758550,Florida Tech
303958,759672,West Chester
313642,759672,Gannon
247337,774581,Loyola (MD)
318647,774581,SUNY Maritime
320239,774581,Brooklyn
225981,776072,Caltech
54311,776072,Johns Hopkins
222327,777758,Carleton
30419,777758,Catawba
185321,778088,Montevallo
7448,778088,Roanoke College
182084,779753,Ouachita
185317,779753,Henderson St.
152728,781664,Grand Canyon
165004,781664,CSUB
10742,787169,Rhodes
342574,787169,Macalester
281035,794506,Drexel
305200,794506,Lynn
177008,803318,Lindenwood
183795,803318,TAMPA
158428,803327,Missouri
139161,803327,Mt St Mary's
40178,804840,Arcadia
175131,804840,West Chester
98683,805343,Fla Atlantic (W)
145696,805343,Fla Atlantic (M)
328562,806637,E. Connecticut
317289,806637,DePauw
92029,808122,Old Dominion (M)
255781,808122,Old Dominion (W)
222857,809586,Hamilton
170867,809586,Gannon
144902,810055,Penn St
168073,810055,Xavier
20841,814368,Auburn
248711,814368,NC State
260243,814425,CSUB
289916,814425,TCU
94972,815699,Wyoming (W)
137642,815699,Old Dominion (M)
132389,815699,Wyoming (M)
156488,815775,SIUC (M)
163134,815775,Bryant U (M)
327529,817685,Drew
309281,817685,Bloomsburg
230169,817685,Saint Peter's
221789,817873,Arcadia
187410,817873,Augustana
97650,818723,Holy Cross
277986,818723,Massachusetts
247198,818723,Bucknell
50949,820519,Missouri St. (M)
157528,820519,Arizona
40236,821845,Rhode Island
354272,821845,Amherst
187704,824197,Transylvania
19387,824197,SUNY Cortland
207306,824197,Claremont MS
267681,824787,Campbell
285916,824787,Maine
59553,829845,Dickinson
350440,829845,Ursinus
157299,839394,St. Francis
47716,839394,Oklahoma Baptist
208472,839657,NYU
78664,839657,Montevallo
198384,840965,Sou. Virginia
178429,840965,Bentley
231128,843583,Missouri St (W)
296937,843583,Jewell
96035,843583,Missouri St. (M)
253239,844967,Northwestern
46725,844967,Florida Int'l
282315,844967,Virginia
311512,845047,Mars Hill
331901,845047,Williams
188907,847211,Stevens
213973,847211,TCNJ
318040,851379,Ferrum
318895,851379,Berry
30415,851379,John Carroll
40209,851991,St. Michael's
220697,851991,Susquehanna
244044,853671,SIUC (W)
320739,853671,UNE
260872,856258,Fresno State
291229,856258,Arizona St
30663,856891,Tufts
153321,856891,Virginia
167187,856891,SMU
357753,857547,Redlands
324393,857547,McDaniel
295701,857547,Rollins
140843,859491,St. Thomas
19391,859491,St. Norbert
290478,859729,Rider
309713,859729,Oklahoma Christi
60617,861577,Bryant U (M)
261754,861577,Bryant U (W)
254699,861731,FGCU
283944,861731,Akron
23632,862567,Penn
213045,862567,Amherst
360103,863241,Hanover
335953,863241,Bethany
155577,864415,Brown
30965,864415,Clarkson
261977,865283,Merrimack
293827,865283,Bentley
249307,869408,Pittsburgh
289769,869408,East Carolina
40171,869453,Barton
149433,869453,Arizona St
262079,870093,Southern Cali
272041,870093,Hawaii
50878,870101,Pepperdine
352914,870101,Widener
197357,872926,Carthage
222115,872926,Illinois College
148477,873073,CSUB
167697,873073,St. Louis
236917,873518,Iowa
268369,873518,Rice
135757,876656,Cincinnati
185273,876656,Ouachita
141750,876656,Florida St
199946,878604,Calvin
205660,878604,Bridgewater
311453,879310,Emory & Henry
304244,879310,Adams St.
94731,880302,Bryn Mawr
330264,880302,Monmouth
229523,880302,Illinois-Chicago
234615,882220,Loyola (MD)
69056,882220,Mars Hill
246457,886044,Arkansas
289864,886044,TCU
146316,888249,Illinois-Chicago
119394,888249,Illinois Chicago (W)
232904,891856,East Carolina
245167,891856,Fresno State
319598,892351,Wash U. MO
332093,892351,Middlebury
176035,892642,Augustana (M)
48635,892642,Augustana (W)
132996,892683,TCU
168210,892683,Wisconsin
223426,893664,Babson
70896,893664,Princeton
287878,895327,SIUC (W)
41413,895327,Youngstown St
19556,898039,Carleton
288462,898039,Missouri
92737,908588,Idaho
284542,908588,Nevada
340369,909038,RIT
308360,909038,UMary
46719,913541,Old Dominion (M)
255395,913541,Old Dominion (W)
9428,914539,Florida St
288906,914539,South Carolina
110156,917402,Bellarmine
246084,917402,Southern Cali
231954,927101,UNLV (W)
20791,927101,UNLV (M)
184008,927104,Lynn
110306,927104,Oakland
31061,928548,South Carolina
185110,928548,Lewis
116672,929610,Montevallo
348488,929610,Centenary (LA)
296849,930318,Jewell
313496,930318,Biola University
16763,930319,New Mexico
289782,930319,North Texas
60213,930474,Augustana
156071,930474,Canisius
125151,932669,Valparaiso (M)
259089,932669,Valparaiso (W)
171372,933191,Carson-Newman
20173,933191,West Virginia
69238,936358,Virginia
168222,936358,Northwestern
31158,937611,Youngstown St
168855,937611,Delaware
203188,937614,Clark
69270,937614,Grand Canyon
185033,941230,UMSL
181678,941230,Truman St.
40882,941429,Augustana (W)
176372,941429,Augustana (M)
178454,948317,Fresno Pacific
12945,948317,Adams St.
53584,950033,CSUB
218755,950033,UWEC
275592,952487,Vanderbilt
95106,952487,Arizona
110606,953641,Saint Leo
311726,953641,TAMPA
126814,958221,Trinity C.
233849,958221,Vanderbilt
296005,958221,Wheeling
264354,958783,Arkansas
110454,958783,East Carolina
298891,958843,Carson-Newman
286168,958843,Fordham
348323,959451,Caltech
295799,959451,King
235381,960919,Grand Canyon
279364,960919,Connecticut
305312,964426,Nova S'eastern
41767,964426,Grand Valley
264200,964658,Missouri
118782,964658,F&M
296635,964658,Saginaw Valley
232300,964955,UNLV (W)
119142,964955,UNLV (M)
326597,965195,Alfred
245500,965195,Sacred Heart
241953,965393,Gardner-Webb
319187,965393,Redlands
233539,965393,Pepperdine
3767,968711,Houston
263337,968711,Auburn
244244,968968,Missouri St (W)
119136,968968,Missouri St. (M)
39222,971038,Alfred
342949,971038,Gustavus
40112,977378,Ozarks
134481,977378,Boston College
308568,979112,Azusa Pacific
67333,979112,Drury
19385,991069,Incarnate Word
257801,991069,Niagara
290719,991069,Rider
236618,991069,Georgetown
166079,998354,Holy Cross
143144,998354,Fordham
218107,1003245,Case Western
173716,1003245,Gannon
210926,1003245,Alma College
188785,1004681,Widener
211100,1004681,Messiah
275701,1005537,South Carolina
103283,1005537,New Mexico
164802,1019983,CSUB
174586,1019983,TAMPA
308560,1020622,Fresno Pacific
312355,1020622,Lewis
739,1049824,Iowa
142867,1049824,Cincinnati
211334,1068027,YCP
2128,1068027,Goucher
7834,1072326,East Carolina
156245,1072326,Miami (Ohio)
271242,1078649,Missouri St (W)
78814,1078649,Missouri St. (M)
78742,1081974,Cleveland St
175024,1081974,West Chester
224771,1082400,Whitman
185766,1082400,Biola University
250712,1083862,Houston
312077,1083862,NMU
209169,1085290,Loras
222228,1085290,Grinnell
215926,1085290,W&L
232304,1089288,Air Force (W)
15196,1089288,Air Force (M)
176515,1093649,Augustana (M)
1918,1093649,Augustana (W)
182879,1094062,IUP
174362,1094062,Carson-Newman
175925,1095825,NDC
220601,1095825,Sou. Virginia
175259,1100747,Chowan
185659,1100747,Saint Rose
310665,1116272,Florida Tech
304777,1116272,Carson-Newman
44973,1124930,UNLV (M)
272276,1124930,UNLV (W)
80121,1127277,Princeton
129354,1127277,Harvard
190146,1131266,Ramapo
1816,1131266,Fresno Pacific
311205,1131570,Nebraska Kearney
304279,1131570,Mines
282674,1132196,UNC Asheville
357278,1132196,Purchase College
85931,1132909,UW-L
358834,1132909,UW-Oshkosh
63989,1135781,Augustana (W)
184651,1135781,Augustana (M)
108171,1137343,Connecticut
283366,1137343,Towson
177231,1138185,Lewis
8135,1138185,Eastern Ill
221140,1145475,Clarkson
207775,1145475,SUNY Potsdam
1213,1145968,Fla Atlantic (W)
145859,1145968,Fla Atlantic (M)
16569,1150095,Old Dominion (M)
267649,1150095,Old Dominion (W)
176521,1150337,St. Cloud St.-M
112769,1150337,St. Cloud St.-W
112276,1153434,Denver
173078,1153434,Indy
229723,1154245,Wis.- Green Bay
246308,1154245,LSU
32441,1155385,McKendree
310298,1155385,Saint Leo
311587,1155385,Florida Southern
211087,1156327,King's
196730,1156327,Marywood
42203,1158045,Tulane
232221,1158045,Boise St
244849,1158045,Nevada
22206,1158459,LIU
185474,1158459,Ouachita
165469,1158459,Utah
194689,1158459,Denison
217190,1158459,Occidental
206778,1158459,Cal Lutheran
177843,1160841,Montevallo
19361,1160841,Fla Atlantic (W)
167137,1160841,Fla Atlantic (M)
95584,1160896,Arizona St
222226,1160896,St. Norbert
346597,1162262,R-MC
293328,1162262,Truman St.
337368,1162262,Occidental
118874,1162262,Randolph-Macon College
306948,1162262,UMSL
172519,1162287,Davenport
186706,1162287,TAMPA
66877,1163273,Wis.- Green Bay
287836,1163273,Illinois Chicago (W)
235467,1164462,Northern Ariz
271623,1164462,Incarnate Word
185019,1164788,Lewis
184062,1164788,Emmanuel
3133,1165971,Rowan
209616,1165971,Catholic UA
93154,1166697,Oklahoma Baptist
307350,1166697,Henderson St.
280638,1166876,Delaware
346254,1166876,Ohio Northern
272782,1175940,Air Force (W)
16756,1175940,Air Force (M)
228401,1176556,New Hampshire
281448,1176556,Florida St
316775,1177792,Rowan
302363,1177792,UMary
351205,1177792,Regis
312156,1177792,Quincy
31163,1178745,Missouri St. (M)
138707,1178745,Missouri St (W)
191001,1179135,Whitworth
226577,1179135,CMU
55470,1179463,BSC
179456,1179463,Carson-Newman
237955,1179972,Florida St
298637,1179972,Queens (NC)
180171,1180037,Lees-McRae
201342,1180037,Macalester
226078,1180922,Chapman
94929,1180922,SUNY Potsdam
194647,1180922,SUNY Delhi
353914,1182405,Marymount
67761,1182405,Clarion
261025,1184459,San Diego St
284769,1184459,Wyoming (W)
192995,1185523,UWEC
168215,1185523,Minnesota
163482,1188293,Youngstown St
80136,1188293,VASSAR
152904,1189614,Seattle U (M)
89038,1189614,Seattle U (W)
337613,1193103,Southwestern
259831,1193103,Hawaii
203479,1194514,TCNJ
191562,1194514,W&L
27940,1195123,Wagner
289834,1195123,North Texas
130119,1195508,Missouri St (W)
172630,1195508,Jewell
70976,1195508,Missouri St. (M)
223783,1198212,Mary Washington
188116,1198212,Rensselaer
225767,1208639,La Verne
89198,1208639,Adelphi
264288,1212145,Kentucky
287085,1212145,Iowa
343990,1216469,Connecticut
76687,1216469,Barton
216158,1218267,W&J
222328,1218267,Carleton
189326,1218267,Gustavus
185520,1222244,Southern Conn
69634,1222244,LIU
60371,1226626,Georgia Tech
195435,1226626,Lynchburg
206245,1228696,Westminster
23869,1228696,U.S. Navy
104260,1230638,Bryant U (M)
261312,1230638,Bryant U (W)
181197,1233179,Quincy
130089,1233179,Missouri St (W)
70974,1233179,Missouri St. (M)
154458,1233856,Fla Atlantic (M)
51311,1233856,Fla Atlantic (W)
177422,1233856,Indy
171198,1241335,Carson-Newman
53750,1241335,Denver
231012,1247184,Missouri St (W)
15099,1247184,Missouri St. (M)
219738,1252450,Millikin
169342,1252450,Malone
136530,1261110,Villanova
203646,1261110,Maine Maritime
123308,1261212,Linfield
217064,1261212,Cal Lutheran
351923,1263606,Susquehanna
286683,1263606,Minnesota
180525,1268529,Malone
122292,1268529,Evansville (W)
164644,1268529,Evansville (M)
19501,1271493,Ithaca
153969,1271493,Binghamton
136755,1272447,Iowa
165168,1272447,Arizona
350993,1280436,Medaille
358213,1280436,SUNY Oswego
160352,1282887,Wyoming (M)
51251,1282887,Cincinnati
183049,1285711,Clarion
206218,1285711,Westminster
120376,1292763,UNLV (M)
272631,1292763,UNLV (W)
34299,1292774,Seattle U (W)
166944,1292774,Seattle U (M)
215282,1305043,Linfield
110098,1305043,Lake Forest
187719,1305043,Hanover
189250,1305043,Monmouth
155487,1305043,Penn
173718,1305146,Edinboro
186159,1305146,PennWest
134409,1305895,Virginia Tech
226234,1305895,SUNY Fredonia
295136,1306930,Oklahoma Baptist
299288,1306930,King
323174,1309165,Lynchburg
346650,1309165,Hollins
29776,1309404,Millikin
359973,1309404,Rose-Hulman
200447,1317892,King's
155245,1317892,Brown
216581,1317892,Hendrix
120943,1319116,Ball State
342536,1319116,Gustavus
312590,1319116,Delta State
272771,1319116,UNLV (W)
261582,1322239,St. Francis
286026,1322239,Bryant U (W)
156553,1324668,Evansville (M)
8195,1324668,Evansville (W)
220092,1325092,Franklin
23866,1325092,Brigham Young
287855,1327024,Illinois Chicago (W)
242974,1327024,Illinois-Chicago
19836,1327358,Nebraska
310338,1327358,Nova S'eastern
167001,1329197,Seattle U (M)
12255,1329197,Seattle U (W)
356235,1329228,Pacific Lutheran
21693,1329228,Chowan
192745,1329233,Rochester
69185,1329233,Occidental
166123,1329671,Loyola (MD)
147844,1329671,Fairfield
315326,1329797,FDU-Florham
352262,1329797,Union
309627,1330374,CSU-Pueblo
311370,1330374,Nebraska Kearney
28581,1330374,Oklahoma Baptist
86031,1330777,Hunter
262223,1330777,UCLA
359523,1330793,Wheaton IL
260097,1330793,UC Davis
283463,1330953,Milwaukee
266569,1330953,Seattle U (W)
116571,1331179,Tiffin
299691,1331179,Malone
78499,1331838,Marist
138717,1331838,Missouri St (W)
166889,1335599,Seattle U (M)
1461,1335599,Seattle U (W)
80128,1335800,George Fox
246476,1335800,South Carolina
86242,1337112,UMBC
310339,1337112,Saint Leo
160585,1337224,George Mason
186921,1337224,Florida Tech
259183,1337276,Valparaiso (W)
9998,1337276,Valparaiso (M)
344942,1337339,Montclair St.
18696,1337339,Hunter
352052,1337339,Rensselaer
176302,1337584,Augustana (M)
69734,1337584,Augustana (W)
184186,1339295,Chowan
175339,1339295,Salem (M)
300323,1340794,NMU
67254,1340794,Wyoming (W)
7441,1340859,Southern Indiana
152343,1340859,South Dakota St
259840,1340979,San Diego
314240,1340979,Lees-McRae
307140,1346367,Indy
20794,1346367,Boise St
12736,1353497,Marist
196544,1353497,Alfred State
313597,1353941,PennWest
323329,1353941,Westminster
225414,1355105,UC Santa Cruz
111983,1355105,Providence
277470,1360353,Seattle U (W)
338488,1360353,Brandeis
184755,1366038,Augustana (M)
43291,1366038,Augustana (W)
53215,1368037,Arizona St
169675,1368037,McKendree
312179,1378816,Indy
125799,1378816,Lynn
57749,1380998,Merrimack
313844,1380998,CALU-PA
273190,1381190,Wagner
60389,1381190,San Jose St
162353,1383231,Delaware
30656,1383231,IUP
165943,1383231,Florida
291872,1386067,James Madison
47180,1386067,North Texas
178716,1386107,Oklahoma Christi
79134,1386107,Seton Hall
103065,1386119,Montevallo
233156,1386119,Arizona St
180639,1386417,Augustana (M)
13171,1386417,Augustana (W)
90864,1390321,St. John's
136868,1390321,Michigan
312103,1390607,Saginaw Valley
327262,1390607,Salem College
326765,1392232,Colby-Sawyer
313627,1392232,East Stroudsburg
134907,1396209,Boston College
69137,1396209,Wyoming (W)
160378,1396209,Wyoming (M)
3631,1396654,Valparaiso (M)
259275,1396654,Valparaiso (W)
181485,1397942,Truman St.
7810,1397942,Missouri St. (M)
138710,1397942,Missouri St (W)
300255,1413307,Davenport
41752,1413307,North Florida
78575,1426058,Southern Conn
310379,1426058,Florida Southern
234524,1427021,Lehigh
248884,1427021,Virginia Tech
16509,1441850,Providence
289578,1441850,Tulane
63962,1453107,NDC
181469,1453107,McKendree
66242,1462059,Indiana
340200,1462059,RIT
175829,1465899,NDC
164386,1465899,Saint Peter's
325362,1476454,Gettysburg
350166,1476454,Ursinus
281494,1481750,Louisville
288539,1481750,Alabama
209550,1484075,Catholic UA
223341,1484075,Babson
313790,1486326,Gannon
320796,1486326,UNE
22203,1489103,Centre College
290297,1489103,Houston
171780,1505024,Barton
177471,1505024,Indy
220275,1505110,Alfred State
221060,1505110,RIT
287770,1506610,Little Rock
315493,1506610,FDU-Florham
118787,1508727,Swarthmore
242921,1508727,Wis.- Green Bay
343310,1518659,Connecticut
335336,1518659,Bridgewater
60227,1519437,Ithaca
230975,1519437,Northern Iowa
5687,1540789,Southern Conn
352591,1540789,Keene St.
169040,1546153,Findlay
118895,1546153,Iona Coll
137659,1546153,Cleveland St
163287,1546153,Oakland
104152,1551588,Virginia Tech
273960,1551588,SMU
345324,1560210,Kenyon
288410,1560210,Georgia
351669,1560210,Piedmont
60255,1560210,Mount Union
231302,1560210,UC Davis
22090,1573776,Cazenovia
359767,1573776,Alfred
250766,1594905,SMU
70785,1594905,Wagner
143206,1618755,George Mason
46062,1618755,Stevens
166478,1618755,Boston U
168849,1653662,UNC Wilmington
223736,1653662,Mary Washington
266881,1714727,Northern Ariz
94884,1714727,St. Francis Pa.
227384,1715578,Gettysburg
3007,1715578,Grinnell
333924,1717570,Ohio Wesleyan
60370,1717570,SUNY Brockport
329643,1720121,YCP
77059,1720121,Bard
197052,1734113,Dickinson
157044,1734113,UCSB
40138,1738193,SUNY Geneseo
299816,1738193,NDC
239914,1741221,Massachusetts
276033,1741221,American
307361,1755577,Delta State
310320,1755577,Rollins
357295,1758413,Centre College
360169,1758413,Wells
238090,1758413,Georgia Tech
125219,1759042,LIU
294281,1759042,Sioux Falls
350799,1759042,Carroll
289094,1759042,Southern Indiana
110278,1783242,Boston U
167027,1783242,UNLV (M)
234825,1860443,Colgate
60301,1860443,Berry
167214,1922397,Fla Atlantic (M)
48356,1922397,Fla Atlantic (W)
261735,1960922,Merrimack
358210,1960922,SUNY Cortland
219003,1977672,Dickinson
133356,1977672,Villanova
79927,2048282,Northern State
314151,2048282,King
312101,2053712,NMU
287399,2053712,Yale
240799,2058272,Rutgers
271283,2058272,Indiana State
201273,2085888,Grinnell
72808,2085888,Montevallo
182097,2085888,Henderson St.
318778,2136729,Berry
352897,2136729,Arcadia
231953,2251174,UNLV (W)
313176,2251174,Biola University
341430,2251174,Stevens
221336,2278796,Bridgewater St.
225628,2278796,Sewanee
292207,2283958,Converse
359902,2283958,SJCME
186155,2321551,Bloomsburg
168268,2321551,Michigan
78886,2348963,Lees-McRae
311034,2348963,Hillsdale
163311,2368050,Milwaukee
181323,2368050,Lewis
259441,2448299,Valparaiso (W)
4956,2448299,Valparaiso (M)
7414,2516055,SUNY Oneonta
166888,2516055,Grand Canyon
7370,2531351,Alfred
294438,2531351,Fresno Pacific
167760,2645330,Cincinnati
11969,2645330,Iowa
159854,2666987,South Dakota St
30602,2666987,Elizabethtown
129836,2666987,Evansville (M)
137209,2666987,Towson
284113,2679850,Toledo
300457,2679850,NMU
292025,2692371,Northern Colo
272672,2692371,Nevada
232546,2901498,Merrimack
343186,2901498,Gordon
184330,2926048,Davis & Elkins
225654,2926048,Hendrix
228219,2939294,Manchester
228208,2939294,Franklin
327458,2957326,Susquehanna
346854,2957326,Sweet Briar
